Time,Position,Symbol,Type,Volume,Price,S / L,T / P,Time,Price,Commission,Swap,Profit,,
2026.05.28 17:33:18,8261088,NAS100.x,sell,0.01,30 064.89,30 090.62,29 692.41,2026.05.28 17:37:52,30 077.82,0.00,0.00,- 1.29,,
2026.05.28 17:34:18,8261964,NAS100.x,sell,0.02,30 054.69,30 081.51,29 694.97,2026.05.28 17:37:52,30 077.82,0.00,0.00,- 4.63,,
2026.05.28 17:38:13,8265231,NAS100.x,sell,0.02,30 059.19,30 080.88,,2026.05.28 17:40:35,30 081.87,0.00,0.00,- 4.54,,
2026.05.28 17:38:18,8265309,NAS100.x,sell,0.02,30 059.89,30 084.21,29 693.47,2026.05.28 17:40:41,30 085.07,0.00,0.00,- 5.04,,
2026.05.28 17:42:27,8268831,NAS100.x,sell,0.02,30 059.64,,29 694.34,2026.05.28 17:43:17,30 079.57,0.00,0.00,- 3.99,,
2026.05.28 17:45:46,8273186,US30.x,buy,0.01,50 594,50 546,,2026.05.28 17:46:42,50 546,0.00,0.00,- 0.48,,
2026.05.28 17:46:07,8273732,US30.x,buy,0.07,50 596,50 539,51 126,2026.05.28 17:58:35,50 588,0.00,0.00,- 0.56,,
2026.05.28 17:46:38,8274393,US30.x,buy,0.07,50 611,50 543,51 103,2026.05.28 17:58:35,50 588,0.00,0.00,- 1.61,,
2026.05.28 17:48:08,8276179,US30.x,buy,0.07,50 591,50 550,51 126,2026.05.28 17:58:35,50 588,0.00,0.00,- 0.21,,
2026.05.28 17:49:54,8277501,NAS100.x,sell,0.02,30 067.39,30 091.56,,2026.05.28 17:52:50,30 091.07,0.00,0.00,- 4.74,,
2026.05.28 17:59:51,8283869,US30.x,buy,0.1,50 623,50 627,51 140,2026.05.28 20:25:48,50 641,0.00,0.00, 1.80,,
2026.05.28 18:26:05,8298307,US30.x,buy,0.15,50 632,50 636,51 137,2026.05.28 20:25:48,50 641,0.00,0.00, 1.35,,
2026.05.28 19:18:43,8322548,US30.x,buy,0.15,50 692,50 662,51 125,2026.05.28 19:28:03,50 662,0.00,0.00,- 4.50,,
2026.05.28 19:22:03,8324822,US30.x,buy,0.15,50 678,50 661,51 137,2026.05.28 19:28:04,50 660,0.00,0.00,- 2.70,,
2026.05.28 19:24:29,8327126,US30.x,buy,0.2,50 689,50 668,51 151,2026.05.28 19:27:17,50 667,0.00,0.00,- 4.40,,
2026.05.28 19:32:07,8332008,US30.x,buy,0.4,50 665,50 666,51 048,2026.05.28 20:12:30,50 666,0.00,0.00, 0.40,,
2026.05.28 19:37:11,8333376,US30.x,buy,0.4,50 665,50 665,50 940,2026.05.28 20:12:57,50 665,0.00,0.00,0.00,,
2026.05.28 19:44:36,8336089,US30.x,buy,0.4,50 677,50 677,50 822,2026.05.28 20:11:51,50 675,0.00,0.00,- 0.80,,
2026.05.28 20:23:09,8351328,US30.x,buy,0.4,50 655,50 643,,2026.05.28 20:25:31,50 643,0.00,0.00,- 4.80,,
2026.05.28 20:23:11,8351333,US30.x,buy,0.4,50 656,50 641,50 996,2026.05.28 20:25:41,50 641,0.00,0.00,- 6.00,,
2026.05.28 20:23:13,8351337,US30.x,buy,0.4,50 656,50 644,,2026.05.28 20:25:29,50 644,0.00,0.00,- 4.80,,
2026.05.28 20:32:17,8354157,US30.x,buy,0.45,50 650,50 626,51 126,2026.05.28 20:36:35,50 626,0.00,0.00,- 10.80,,
2026.05.28 20:37:14,8355543,US30.x,buy,0.45,50 645,50 627,51 132,2026.05.28 20:41:59,50 627,0.00,0.00,- 8.10,,
2026.05.28 20:37:18,8355550,US30.x,buy,0.45,50 647,50 627,50 824,2026.05.28 20:41:59,50 627,0.00,0.00,- 9.00,,
2026.05.28 20:37:26,8355570,US30.x,buy,0.45,50 648,50 629,50 787,2026.05.28 20:41:59,50 627,0.00,0.00,- 9.45,,
2026.05.28 20:48:46,8358256,US30.x,buy,0.45,50 640,50 624,51 103,2026.05.28 20:52:30,50 624,0.00,0.00,- 7.20,,
2026.05.28 20:48:53,8358302,US30.x,buy,0.45,50 641,50 624,51 045,2026.05.28 20:52:30,50 624,0.00,0.00,- 7.65,,
2026.05.28 20:49:49,8358570,US30.x,buy,0.3,50 645,50 624,50 978,2026.05.28 20:52:30,50 624,0.00,0.00,- 6.30,,
2026.05.28 21:01:53,8361200,US30.x,buy,0.31,50 636,50 621,,2026.05.28 21:04:25,50 622,0.00,0.00,- 4.34,,
2026.05.28 21:01:58,8361228,US30.x,buy,0.5,50 635,50 619,,2026.05.28 21:04:25,50 622,0.00,0.00,- 6.50,,
2026.05.28 21:02:07,8361363,US30.x,buy,0.5,50 635,50 630,,2026.05.28 21:03:11,50 630,0.00,0.00,- 2.50,,
2026.05.28 21:27:06,8368333,US30.x,buy,0.5,50 622,50 611,,2026.05.28 21:27:32,50 611,0.00,0.00,- 5.50,,
2026.05.28 21:27:11,8368349,US30.x,buy,0.5,50 623,50 609,50 824,2026.05.28 21:30:18,50 610,0.00,0.00,- 6.50,,
2026.05.28 21:41:19,8371883,NAS100.x,sell,0.03,30 220.79,30 228.82,,2026.05.28 21:41:40,30 229.12,0.00,0.00,- 2.50,,
2026.05.29 06:28:13,8452889,US30.x,buy,0.5,50 704,50 641,51 124,2026.05.29 08:51:24,50 702,0.00,0.00,- 1.00,,
2026.05.29 12:09:38,8581328,US30.x,buy,0.5,50 766,50 766,51 129,2026.05.29 12:42:55,50 783,0.00,0.00, 8.50,,
2026.05.29 12:28:31,8592337,US30.x,buy,0.5,50 786,50 784,51 128,2026.05.29 12:37:52,50 780,0.00,0.00,- 3.00,,
2026.05.29 12:32:50,8595452,US30.x,buy,0.5,50 796,50 786,,2026.05.29 12:35:24,50 786,0.00,0.00,- 5.00,,
2026.05.29 14:48:38,8653007,NAS100.x,sell,0.03,30 263.14,30 263.15,30 189.99,2026.05.29 14:54:32,30 263.52,0.00,0.00,- 0.11,,
2026.05.29 14:48:40,8653018,NAS100.x,sell,0.03,30 263.94,30 262.90,30 188.39,2026.05.29 14:54:32,30 262.92,0.00,0.00, 0.31,,
2026.05.29 14:48:54,8653080,NAS100.x,sell,0.05,30 263.94,30 263.91,30 134.27,2026.05.29 14:54:43,30 264.02,0.00,0.00,- 0.04,,
2026.05.29 14:50:41,8653925,NAS100.x,sell,0.08,30 257.44,30 256.47,30 139.49,2026.05.29 14:53:36,30 254.42,0.00,0.00, 2.42,,
2026.05.29 14:54:02,8656262,NAS100.x,sell,0.08,30 251.79,30 265.44,,2026.05.29 14:55:49,30 266.12,0.00,0.00,- 11.46,,
2026.05.29 14:55:01,8656702,NAS100.x,sell,0.08,30 252.79,30 262.11,,2026.05.29 14:55:39,30 263.12,0.00,0.00,- 8.26,,
2026.05.29 14:55:04,8656724,NAS100.x,sell,0.08,30 252.69,30 266.78,,2026.05.29 14:56:27,30 266.32,0.00,0.00,- 10.90,,
2026.05.29 14:57:14,8657865,NAS100.x,sell,0.1,30 263.99,30 269.70,,2026.05.29 14:57:41,30 270.42,0.00,0.00,- 6.43,,
2026.05.29 15:01:21,8660788,NAS100.x,sell,0.1,30 265.44,30 260.12,30 223.07,2026.05.29 15:19:12,30 256.77,0.00,0.00, 8.67,,
2026.05.29 15:01:22,8660805,NAS100.x,sell,0.1,30 265.24,30 248.17,30 211.49,2026.05.29 15:16:10,30 248.87,0.00,0.00, 16.37,,
2026.05.29 15:01:25,8660866,NAS100.x,sell,0.1,30 265.04,30 254.03,30 134.87,2026.05.29 15:18:33,30 254.07,0.00,0.00, 10.97,,
2026.05.29 15:01:29,8660914,NAS100.x,sell,0.1,30 264.44,30 263.06,30 189.39,2026.05.29 15:08:32,30 244.07,0.00,0.00, 20.37,,
2026.05.29 15:15:08,8668432,NAS100.x,sell,0.1,30 241.64,30 244.85,,2026.05.29 15:15:39,30 245.57,0.00,0.00,- 3.93,,
2026.05.29 15:15:10,8668446,NAS100.x,sell,0.1,30 236.24,30 248.10,30 212.20,2026.05.29 15:16:10,30 248.87,0.00,0.00,- 12.63,,
2026.05.29 15:17:15,8669054,NAS100.x,sell,0.1,30 244.64,30 249.34,,2026.05.29 15:18:23,30 249.57,0.00,0.00,- 4.93,,
2026.05.29 15:17:25,8669103,NAS100.x,sell,0.18,30 243.94,,,2026.05.29 15:18:34,30 253.27,0.00,0.00,- 16.79,,
2026.05.29 15:20:08,8670170,NAS100.x,sell,0.18,30 249.14,30 249.20,30 136.39,2026.05.29 15:24:07,30 249.07,0.00,0.00, 0.13,,
2026.05.29 15:20:09,8670385,NAS100.x,sell,0.18,30 247.74,30 248.60,30 136.41,2026.05.29 15:28:33,30 248.77,0.00,0.00,- 1.85,,
2026.05.29 15:20:11,8670566,NAS100.x,sell,0.18,30 246.94,30 254.25,30 189.66,2026.05.29 15:30:01,30 253.52,0.00,0.00,- 11.84,,
2026.05.29 15:26:25,8675873,NAS100.x,sell,0.18,30 238.24,30 243.07,,2026.05.29 15:27:01,30 243.07,0.00,0.00,- 8.69,,
2026.05.29 15:30:49,8678084,NAS100.x,sell,0.18,30 246.04,30 253.66,30 189.13,2026.05.29 15:33:33,30 253.77,0.00,0.00,- 13.91,,
2026.05.29 15:31:02,8678190,NAS100.x,sell,0.2,30 249.04,30 252.86,,2026.05.29 15:31:31,30 253.17,0.00,0.00,- 8.26,,
2026.05.29 15:31:05,8678220,NAS100.x,sell,0.2,30 249.04,30 253.86,30 189.59,2026.05.29 15:33:34,30 253.87,0.00,0.00,- 9.66,,
2026.05.29 15:31:45,8678665,NAS100.x,sell,0.2,30 245.44,30 251.52,30 189.13,2026.05.29 15:32:40,30 252.17,0.00,0.00,- 13.46,,
2026.05.29 15:33:13,8679295,NAS100.x,sell,0.2,30 247.44,30 253.76,,2026.05.29 15:33:33,30 253.77,0.00,0.00,- 12.66,,
2026.05.29 15:33:38,8679991,NAS100.x,sell,0.2,30 222.49,,,2026.05.29 15:34:01,30 240.82,0.00,0.00,- 36.66,,
2026.05.29 15:33:42,8680120,NAS100.x,sell,0.2,30 230.29,,,2026.05.29 15:34:01,30 240.82,0.00,0.00,- 21.06,,
2026.05.29 15:33:42,8680127,NAS100.x,sell,0.2,30 230.89,,,2026.05.29 15:34:01,30 240.82,0.00,0.00,- 19.86,,
2026.05.29 15:34:30,8681045,NAS100.x,sell,0.2,30 232.39,30 241.12,30 081.68,2026.05.29 15:43:45,30 242.07,0.00,0.00,- 19.36,,
2026.06.01 01:30:26,8952045,US30.x,buy,0.5,51 005,50 992,,2026.06.01 01:37:40,50 989,0.00,0.00,- 8.00,,
2026.06.01 01:30:37,8952096,US30.x,buy,0.25,51 005,51 005,51 091,2026.06.01 03:01:18,51 091,0.00,0.00, 21.50,,
2026.06.01 01:30:40,8952120,US30.x,buy,0.25,51 010,50 987,,2026.06.01 01:37:43,50 987,0.00,0.00,- 5.75,,
2026.06.01 01:40:24,8953687,US30.x,buy,0.7,51 001,51 003,51 146,2026.06.01 03:28:51,51 065,0.00,0.00, 44.80,,
2026.06.01 01:40:28,8953703,US30.x,buy,0.7,51 002,51 002,,2026.06.01 03:28:51,51 065,0.00,0.00, 44.10,,
2026.06.01 01:42:12,8954030,US30.x,buy,0.5,51 007,51 006,51 090,2026.06.01 03:01:18,51 091,0.00,0.00, 42.00,,
2026.06.01 01:44:52,8954680,US30.x,buy,0.5,51 011,51 012,51 090,2026.06.01 03:01:18,51 091,0.00,0.00, 40.00,,
2026.06.01 01:46:16,8955223,US30.x,buy,0.5,51 015,51 007,51 090,2026.06.01 03:01:18,51 091,0.00,0.00, 38.00,,
2026.06.01 03:55:45,8980173,US30.x,buy,0.8,51 071,51 051,,2026.06.01 04:00:07,51 050,0.00,0.00,- 16.80,,
2026.06.01 04:06:22,8983977,US30.x,buy,0.85,51 038,51 028,,2026.06.01 04:07:01,51 029,0.00,0.00,- 7.65,,
2026.06.01 04:07:52,8984353,US30.x,buy,0.85,51 039,51 041,51 100,2026.06.01 05:00:54,51 079,0.00,0.00, 34.00,,
2026.06.01 04:07:53,8984355,US30.x,buy,0.85,51 038,51 077,51 128,2026.06.01 05:31:21,51 082,0.00,0.00, 37.40,,
2026.06.01 04:09:43,8985596,US30.x,buy,0.5,51 041,51 033,51 100,2026.06.01 04:12:12,51 032,0.00,0.00,- 4.50,,
2026.06.01 04:34:06,8993563,US30.x,buy,0.5,51 052,51 052,51 101,2026.06.01 05:20:16,51 101,0.00,0.00, 24.50,,
2026.06.01 06:03:57,9016736,US30.x,buy,0.5,51 101,51 084,51 136,2026.06.01 06:07:25,51 085,0.00,0.00,- 8.00,,
2026.06.01 14:53:54,9311776,US30.x,sell,0.5,51 253,51 273,51 081,2026.06.01 14:58:29,51 257,0.00,0.00,- 2.00,,
2026.06.01 14:56:27,9312593,US30.x,sell,0.5,51 249,51 185,51 092,2026.06.01 15:15:13,51 176,0.00,0.00, 36.50,,
2026.06.01 14:58:39,9313772,US30.x,sell,0.8,51 245,51 244,51 120,2026.06.01 15:09:26,51 181,0.00,0.00, 51.20,,
2026.06.01 18:38:38,9547618,US30.x,buy,0.42,50 958,50 931,51 321,2026.06.01 18:41:36,50 931,0.00,0.00,- 11.34,,
2026.06.01 18:44:40,9552492,US30.x,buy,0.2,50 936,50 914,51 172,2026.06.01 18:49:11,50 923,0.00,0.00,- 2.60,,
2026.06.01 18:44:42,9552528,US30.x,buy,0.2,50 938,50 874,51 322,2026.06.01 18:54:29,50 923,0.00,0.00,- 3.00,,
2026.06.01 18:56:39,9560841,US30.x,buy,0.5,50 923,50 902,51 120,2026.06.01 19:03:25,50 902,0.00,0.00,- 10.50,,
2026.06.01 19:16:32,9573400,NAS100.x,sell,0.06,30 408.89,30 439.21,30 238.97,2026.06.01 19:24:45,30 439.52,0.00,0.00,- 18.38,,
2026.06.01 19:22:20,9576653,NAS100.x,sell,0.06,30 411.09,30 426.51,,2026.06.01 19:23:31,30 426.92,0.00,0.00,- 9.50,,
2026.06.01 19:25:08,9578052,NAS100.x,sell,0.06,30 433.09,30 441.24,,2026.06.01 19:25:39,30 441.52,0.00,0.00,- 5.06,,
2026.06.01 19:25:10,9578080,NAS100.x,sell,0.06,30 434.09,30 443.59,,2026.06.01 19:28:41,30 443.72,0.00,0.00,- 5.78,,
2026.06.01 19:25:13,9578101,NAS100.x,sell,0.06,30 434.39,30 441.40,,2026.06.01 19:25:39,30 441.52,0.00,0.00,- 4.28,,
2026.06.01 19:26:06,9578510,NAS100.x,sell,0.06,30 433.59,30 441.20,,2026.06.01 19:26:34,30 440.92,0.00,0.00,- 4.40,,
2026.06.01 19:26:07,9578528,NAS100.x,sell,0.06,30 434.59,30 440.91,,2026.06.01 19:26:34,30 440.92,0.00,0.00,- 3.80,,
2026.06.01 19:29:11,9579843,NAS100.x,sell,0.06,30 439.89,30 445.99,,2026.06.01 19:29:25,30 446.42,0.00,0.00,- 3.92,,
2026.06.01 19:29:20,9579878,NAS100.x,sell,0.06,30 437.79,,,2026.06.01 19:29:32,30 446.82,0.00,0.00,- 5.42,,
2026.06.01 19:29:22,9579890,NAS100.x,sell,0.06,30 437.39,,,2026.06.01 19:29:32,30 446.82,0.00,0.00,- 5.66,,
2026.06.01 19:35:00,9582441,US30.x,buy,0.5,50 851,50 846,51 020,2026.06.01 19:45:28,50 846,0.00,0.00,- 2.50,,
2026.06.01 19:37:56,9583879,US30.x,buy,0.5,50 864,50 852,50 959,2026.06.01 19:44:57,50 852,0.00,0.00,- 6.00,,
2026.06.01 19:46:06,9587083,US30.x,buy,0.5,50 859,50 860,51 019,2026.06.01 20:07:17,50 860,0.00,0.00, 0.50,,
2026.06.01 19:47:42,9587708,US30.x,buy,0.4,50 867,50 867,51 174,2026.06.01 20:06:48,50 867,0.00,0.00,0.00,,
2026.06.01 20:15:07,9606090,US30.x,buy,0.5,50 870,50 882,51 322,2026.06.01 22:05:27,51 049,0.00,0.00, 89.60,,
2026.06.01 20:15:10,9606112,US30.x,buy,0.5,50 871,50 881,51 017,2026.06.01 20:43:28,51 025,0.00,0.00, 77.00,,
2026.06.02 10:48:04,9925609,NAS100.x,sell,0.06,30 460.94,30 474.16,,2026.06.02 10:54:49,30 474.52,0.00,0.00,- 8.15,,
2026.06.02 10:48:12,9925672,NAS100.x,sell,0.06,30 460.24,30 467.36,30 262.07,2026.06.02 10:53:29,30 467.77,0.00,0.00,- 4.52,,
2026.06.02 11:28:19,9955642,NAS100.x,sell,0.08,30 491.04,30 497.14,,2026.06.02 11:30:41,30 497.27,0.00,0.00,- 4.98,,
2026.06.02 11:29:04,9956035,NAS100.x,sell,0.08,30 485.44,30 495.36,30 262.09,2026.06.02 11:29:52,30 495.57,0.00,0.00,- 8.10,,
2026.06.02 11:30:03,9956873,NAS100.x,sell,0.08,30 489.04,30 496.81,,2026.06.02 11:30:41,30 497.27,0.00,0.00,- 6.58,,
2026.06.02 11:44:47,9964037,SPX500.x,sell,0.3,7 593.4,7 596.0,7 564.4,2026.06.02 11:46:56,7 596.0,0.00,0.00,- 7.80,,
2026.06.02 11:47:54,9965577,NAS100.x,sell,0.08,30 497.49,30 505.43,30 262.08,2026.06.02 11:49:04,30 505.62,0.00,0.00,- 6.50,,
2026.06.02 11:55:55,9969746,NAS100.x,sell,0.08,30 486.64,30 494.44,30 263.99,2026.06.02 12:11:22,30 494.62,0.00,0.00,- 6.38,,
2026.06.02 11:58:31,9971744,NAS100.x,sell,0.04,30 486.94,30 495.46,30 289.07,2026.06.02 11:59:24,30 495.57,0.00,0.00,- 3.45,,
2026.06.02 12:11:37,9982091,NAS100.x,sell,0.04,30 484.94,30 493.18,30 261.87,2026.06.02 12:15:54,30 493.17,0.00,0.00,- 3.29,,
2026.06.02 12:12:28,9982891,NAS100.x,sell,0.08,30 481.94,30 488.72,,2026.06.02 12:15:13,30 488.77,0.00,0.00,- 5.46,,
2026.06.02 12:12:32,9982928,NAS100.x,sell,0.08,30 481.54,30 489.10,30 337.47,2026.06.02 12:15:14,30 489.27,0.00,0.00,- 6.18,,
2026.06.02 12:17:31,9988349,NAS100.x,sell,0.08,30 483.44,30 493.39,,2026.06.02 12:19:09,30 494.17,0.00,0.00,- 8.58,,
2026.06.02 12:17:32,9988392,NAS100.x,sell,0.08,30 483.94,30 495.06,30 261.29,2026.06.02 12:39:44,30 494.92,0.00,0.00,- 8.78,,
2026.06.02 12:17:34,9988414,NAS100.x,sell,0.08,30 482.54,30 499.04,30 262.24,2026.06.02 12:40:27,30 499.17,0.00,0.00,- 13.30,,
2026.06.02 12:20:11,9989709,NAS100.x,sell,0.08,30 490.24,30 495.50,30 398.82,2026.06.02 12:39:52,30 495.62,0.00,0.00,- 4.30,,
2026.06.02 12:54:28,10016417,NAS100.x,sell,0.1,30 513.94,30 514.20,30 401.99,2026.06.02 13:11:00,30 514.27,0.00,0.00,- 0.33,,
2026.06.02 12:54:35,10016453,NAS100.x,sell,0.1,30 510.94,30 510.67,30 411.56,2026.06.02 13:06:41,30 511.57,0.00,0.00,- 0.63,,
2026.06.02 12:57:55,10017985,NAS100.x,sell,0.1,30 516.14,30 516.29,30 261.48,2026.06.02 13:11:03,30 516.57,0.00,0.00,- 0.43,,
2026.06.02 12:58:09,10018216,NAS100.x,sell,0.1,30 513.24,30 516.21,30 471.61,2026.06.02 13:11:03,30 516.27,0.00,0.00,- 3.03,,
2026.06.02 13:13:45,10027079,NAS100.x,sell,0.1,30 506.94,30 506.45,30 455.36,2026.06.02 13:50:20,30 482.77,0.00,0.00, 24.17,,
2026.06.02 13:13:48,10027106,NAS100.x,sell,0.1,30 506.74,30 507.53,30 394.50,2026.06.02 14:05:36,30 458.87,0.00,0.00, 47.87,,
2026.06.02 13:13:53,10027197,NAS100.x,sell,0.1,30 506.54,30 506.89,30 262.54,2026.06.02 14:05:50,30 459.17,0.00,0.00, 47.37,,
2026.06.02 13:18:16,10029013,NAS100.x,sell,0.1,30 507.24,30 507.53,30 265.91,2026.06.02 14:30:55,30 507.67,0.00,0.00,- 0.43,,
2026.06.02 14:45:25,10072409,NAS100.x,sell,0.05,30 495.89,30 496.08,30 263.98,2026.06.02 15:21:48,30 496.27,0.00,0.00,- 0.19,,
2026.06.02 14:51:35,10075571,NAS100.x,sell,0.03,30 491.44,30 491.54,30 264.48,2026.06.02 15:21:46,30 492.17,0.00,0.00,- 0.22,,
2026.06.02 16:12:58,10156027,NAS100.x,sell,0.04,30 436.19,30 451.93,30 263.22,2026.06.02 16:16:47,30 447.92,0.00,0.00,- 4.69,,
2026.06.02 16:30:12,10174100,NAS100.x,sell,0.04,30 472.64,30 467.09,30 261.09,2026.06.02 16:42:54,30 420.92,0.00,0.00, 20.69,,
2026.06.02 16:30:19,10174400,NAS100.x,sell,0.06,30 460.64,30 459.82,30 230.79,2026.06.02 16:36:28,30 417.52,0.00,0.00, 25.87,,
2026.06.02 16:50:11,10202316,US30.x,sell,0.05,51 055,51 056,50 783,2026.06.02 16:58:42,50 927,0.00,0.00, 6.40,,
2026.06.02 17:01:41,10220789,US30.x,buy,0.25,50 947,51 166,51 248,2026.06.02 18:04:56,51 172,0.00,0.00, 56.25,,
2026.06.02 17:03:01,10222805,US30.x,buy,0.15,50 968,50 937,51 253,2026.06.02 17:18:28,50 937,0.00,0.00,- 4.65,,
2026.06.02 21:19:42,10405292,NAS100.x,sell,0.05,30 579.69,30 590.45,30 260.16,2026.06.02 21:26:03,30 590.62,0.00,0.00,- 5.47,,
2026.06.02 21:21:19,10405950,NAS100.x,sell,0.05,30 579.79,30 585.60,30 367.99,2026.06.02 21:22:05,30 586.12,0.00,0.00,- 3.17,,
2026.06.02 21:22:27,10406300,NAS100.x,sell,0.05,30 580.49,30 588.25,,2026.06.02 21:23:17,30 588.52,0.00,0.00,- 4.02,,
2026.06.02 21:24:04,10406984,NAS100.x,sell,0.07,30 581.79,30 586.74,30 480.83,2026.06.02 21:25:15,30 586.42,0.00,0.00,- 3.24,,
2026.06.02 21:27:05,10408851,NAS100.x,sell,0.07,30 583.89,30 589.09,30 368.65,2026.06.02 21:30:17,30 589.32,0.00,0.00,- 3.80,,
2026.06.02 21:27:06,10408863,NAS100.x,sell,0.07,30 584.39,30 590.98,30 368.65,2026.06.02 21:30:24,30 591.32,0.00,0.00,- 4.85,,
2026.06.02 21:27:08,10408890,NAS100.x,sell,0.07,30 582.89,30 589.31,30 481.29,2026.06.02 21:30:17,30 589.32,0.00,0.00,- 4.50,,
2026.06.02 21:34:51,10412615,NAS100.x,sell,0.07,30 587.39,30 587.90,30 368.19,2026.06.02 21:59:29,30 588.62,0.00,0.00,- 0.86,,
2026.06.03 06:27:43,10563697,NAS100.x,sell,0.07,30 636.04,30 645.47,30 367.75,2026.06.03 06:30:14,30 645.57,0.00,0.00,- 6.67,,
2026.06.03 06:29:30,10564039,NAS100.x,sell,0.07,30 637.49,30 641.65,,2026.06.03 06:30:08,30 642.32,0.00,0.00,- 3.38,,
2026.06.03 06:29:33,10564049,NAS100.x,sell,0.07,30 636.69,30 641.08,,2026.06.03 06:30:02,30 641.37,0.00,0.00,- 3.28,,
2026.06.03 06:32:45,10564725,NAS100.x,sell,0.07,30 643.49,30 649.28,,2026.06.03 06:34:56,30 649.22,0.00,0.00,- 4.01,,
2026.06.03 06:33:59,10564981,NAS100.x,sell,0.07,30 644.49,30 648.52,,2026.06.03 06:34:54,30 648.62,0.00,0.00,- 2.89,,
2026.06.03 06:36:19,10565413,NAS100.x,sell,0.08,30 647.09,30 650.01,30 571.63,2026.06.03 06:40:58,30 650.12,0.00,0.00,- 2.42,,
2026.06.03 06:36:21,10565422,NAS100.x,sell,0.08,30 646.59,30 651.22,30 364.57,2026.06.03 06:41:20,30 651.22,0.00,0.00,- 3.70,,
2026.06.03 06:50:26,10567948,NAS100.x,sell,0.08,30 644.19,30 655.56,,2026.06.03 06:52:27,30 653.22,0.00,0.00,- 7.22,,
2026.06.03 06:50:28,10567952,NAS100.x,sell,0.08,30 644.19,30 658.50,,2026.06.03 06:51:18,30 650.82,0.00,0.00,- 5.30,,
2026.06.03 09:15:21,10640948,NAS100.x,sell,0.08,30 631.84,30 646.45,30 518.23,2026.06.03 09:21:13,30 642.67,0.00,0.00,- 8.66,,
2026.06.03 09:15:21,10640949,NAS100.x,sell,0.08,30 631.94,30 665.61,30 367.36,2026.06.03 09:29:43,30 647.47,0.00,0.00,- 12.42,,
2026.06.03 09:21:48,10646328,NAS100.x,sell,0.08,30 637.04,30 644.32,,2026.06.03 09:23:57,30 644.57,0.00,0.00,- 6.02,,
2026.06.03 09:21:51,10646374,NAS100.x,sell,0.08,30 635.54,30 643.93,,2026.06.03 09:23:42,30 640.17,0.00,0.00,- 3.70,,
2026.06.03 09:26:01,10650682,NAS100.x,sell,0.08,30 639.24,30 648.44,,2026.06.03 09:30:35,30 648.47,0.00,0.00,- 7.38,,
2026.06.03 09:26:04,10650720,NAS100.x,sell,0.08,30 641.04,30 649.20,30 529.46,2026.06.03 09:31:27,30 646.57,0.00,0.00,- 4.42,,
2026.06.03 09:31:56,10654492,NAS100.x,sell,0.08,30 641.94,30 647.93,30 515.95,2026.06.03 09:36:15,30 648.47,0.00,0.00,- 5.22,,
2026.06.03 09:32:00,10654562,NAS100.x,sell,0.1,30 642.54,30 650.60,30 368.19,2026.06.03 09:36:26,30 651.07,0.00,0.00,- 8.53,,
2026.06.03 11:28:06,10743934,NAS100.x,sell,0.1,30 677.34,30 685.94,,2026.06.03 11:28:49,30 686.07,0.00,0.00,- 8.73,,
2026.06.03 11:31:19,10746734,NAS100.x,sell,0.1,30 680.44,30 688.12,,2026.06.03 11:32:10,30 688.07,0.00,0.00,- 7.63,,
2026.06.03 11:31:22,10746803,NAS100.x,sell,0.1,30 679.34,30 690.18,,2026.06.03 11:32:21,30 690.57,0.00,0.00,- 11.23,,
2026.06.03 11:34:20,10749275,NAS100.x,sell,0.1,30 685.74,30 685.43,30 518.32,2026.06.03 12:08:24,30 684.97,0.00,0.00, 0.77,,
2026.06.03 11:35:12,10749705,NAS100.x,sell,0.05,30 685.34,30 685.68,30 369.35,2026.06.03 12:08:28,30 685.97,0.00,0.00,- 0.32,,
2026.06.03 14:40:42,10878157,NAS100.x,sell,0.05,30 729.29,30 733.91,,2026.06.03 14:41:47,30 734.12,0.00,0.00,- 2.42,,
2026.06.03 14:40:48,10878187,NAS100.x,sell,0.05,30 729.29,30 729.72,30 668.66,2026.06.03 14:47:51,30 729.72,0.00,0.00,- 0.22,,
2026.06.03 14:40:56,10878258,NAS100.x,sell,0.05,30 728.79,30 729.72,30 369.21,2026.06.03 14:47:51,30 729.72,0.00,0.00,- 0.47,,
2026.06.03 14:41:00,10878288,NAS100.x,sell,0.05,30 728.29,30 729.44,30 602.60,2026.06.03 14:47:51,30 729.72,0.00,0.00,- 0.72,,
2026.06.03 14:42:34,10879081,NAS100.x,sell,0.07,30 728.79,30 735.60,30 519.46,2026.06.03 14:52:11,30 735.12,0.00,0.00,- 4.43,,
2026.06.03 14:48:34,10883398,NAS100.x,sell,0.07,30 723.09,30 730.04,,2026.06.03 14:51:09,30 730.42,0.00,0.00,- 5.13,,
2026.06.03 14:48:36,10883403,NAS100.x,sell,0.07,30 723.29,30 728.25,,2026.06.03 14:51:07,30 729.62,0.00,0.00,- 4.43,,
2026.06.03 14:48:37,10883418,NAS100.x,sell,0.07,30 723.59,30 730.45,,2026.06.03 14:51:09,30 730.62,0.00,0.00,- 4.92,,
2026.06.03 14:48:40,10883439,NAS100.x,sell,0.07,30 722.29,30 729.64,,2026.06.03 14:51:07,30 728.42,0.00,0.00,- 4.29,,
2026.06.03 14:48:44,10883477,NAS100.x,sell,0.07,30 722.59,30 729.10,,2026.06.03 14:51:07,30 729.62,0.00,0.00,- 4.92,,
2026.06.03 14:52:29,10885406,NAS100.x,sell,0.07,30 730.29,30 743.84,30 223.92,2026.06.03 14:58:18,30 741.12,0.00,0.00,- 7.58,,
2026.06.03 14:52:33,10885433,NAS100.x,sell,0.07,30 729.69,30 736.67,,2026.06.03 14:55:23,30 737.12,0.00,0.00,- 5.20,,
2026.06.03 14:53:12,10885677,NAS100.x,sell,0.07,30 728.59,30 735.68,,2026.06.03 14:54:24,30 735.92,0.00,0.00,- 5.13,,
2026.06.03 14:53:18,10885706,NAS100.x,sell,0.07,30 728.29,30 735.62,,2026.06.03 14:54:24,30 735.92,0.00,0.00,- 5.34,,
2026.06.04 15:43:07,11754300,NAS100.x,buy,0.03,30 242.62,30 229.02,30 490.34,2026.06.04 16:27:50,30 228.39,0.00,0.00,- 4.27,,
2026.06.04 16:47:20,11810727,NAS100.x,buy,0.03,30 186.12,30 184.26,30 492.36,2026.06.04 16:54:11,30 181.19,0.00,0.00,- 1.48,,
2026.06.04 16:47:30,11810944,NAS100.x,buy,0.03,30 191.32,30 190.02,,2026.06.04 16:54:09,30 189.89,0.00,0.00,- 0.43,,
2026.06.04 16:48:11,11811856,NAS100.x,buy,0.03,30 218.62,30 172.05,,2026.06.04 16:50:41,30 167.49,0.00,0.00,- 15.34,,
2026.06.04 16:48:55,11813022,NAS100.x,buy,0.03,30 219.82,30 164.37,,2026.06.04 16:54:12,30 177.89,0.00,0.00,- 12.58,,
2026.06.04 16:50:53,11815015,NAS100.x,buy,0.03,30 195.52,30 172.76,,2026.06.04 17:02:14,30 179.19,0.00,0.00,- 4.90,,
2026.06.04 16:53:24,11818662,NAS100.x,buy,0.03,30 231.22,30 192.41,,2026.06.04 16:53:35,30 192.19,0.00,0.00,- 11.71,,
2026.06.04 16:55:20,11823513,NAS100.x,buy,0.03,30 210.62,30 173.72,,2026.06.04 16:55:48,30 178.89,0.00,0.00,- 9.52,,
2026.06.04 16:55:22,11823548,NAS100.x,buy,0.03,30 204.82,30 167.96,30 475.10,2026.06.04 16:59:48,30 197.49,0.00,0.00,- 2.20,,
2026.06.04 16:55:26,11823649,NAS100.x,buy,0.03,30 205.02,,,2026.06.04 16:59:50,30 197.59,0.00,0.00,- 2.23,,
2026.06.04 16:56:44,11825199,NAS100.x,buy,0.03,30 198.02,30 176.11,,2026.06.04 17:02:14,30 175.59,0.00,0.00,- 6.73,,
2026.06.04 16:56:45,11825244,NAS100.x,buy,0.03,30 202.82,,,2026.06.04 17:01:02,30 187.19,0.00,0.00,- 4.69,,
2026.06.04 17:00:38,11830821,NAS100.x,buy,0.04,30 212.82,30 178.99,,2026.06.04 17:02:13,30 178.69,0.00,0.00,- 13.65,,
2026.06.04 17:00:40,11830857,NAS100.x,buy,0.04,30 209.82,,,2026.06.04 17:01:00,30 180.49,0.00,0.00,- 11.73,,
2026.06.05 15:38:14,12535815,NAS100.x,buy,0.04,30 024.42,30 023.03,30 546.24,2026.06.05 15:51:37,30 052.09,0.00,0.00, 11.07,,
2026.06.05 15:38:54,12537862,NAS100.x,buy,0.04,30 031.02,30 026.67,30 544.37,2026.06.05 15:53:00,30 039.39,0.00,0.00, 3.35,,
,,,,,,,,,,,,,,
